product_sku,product_name,category,subcategory
P000452,Premium Kitchen Red 57,Home & Garden,Kitchen
P000374,Deluxe Furniture Red 78,Home & Garden,Furniture
P001049,Essential Stationery Red 60,Office Supplies,Stationery
P001099,Elite Printers Beige 11,Office Supplies,Printers & Ink
P000077,Advanced Tablets Blue 78,Electronics,Tablets
P001169,Advanced Luxury Blue 81,Premium,Luxury Watches
P000352,Classic Sportswear Navy 56,Apparel,Sportswear
P000249,Signature Women's Navy 52,Apparel,Women's Clothing
P001088,Active Printers White 99,Office Supplies,Printers & Ink
P000897,Deluxe Fitness Blue 7,Sports,Fitness Equipment
P000254,Elite Women's Silver 57,Apparel,Women's Clothing
P000920,Premium Fitness Black 30,Sports,Fitness Equipment
P001085,Signature Printers Green 96,Office Supplies,Printers & Ink
P000165,Classic Men's Black 67,Apparel,Men's Clothing
P000135,Select Audio White 37,Electronics,Audio
P000935,Ultra Outdoor White 45,Sports,Outdoor Recreation
P001130,Standard Car Green 42,Automotive,Car Accessories
P000684,Pro Snacks Gray 91,Grocery,Snacks
P000761,Pro Bakery Beige 69,Grocery,Bakery
P000055,Premium Laptops Silver 56,Electronics,Laptops
P000210,Signature Men's White 13,Apparel,Men's Clothing
P000617,Pro Beverages Beige 24,Grocery,Beverages
P000112,Premium Accessories Blue 14,Electronics,Accessories
P000192,Active Men's Brown 94,Apparel,Men's Clothing
P000376,Standard Furniture Blue 80,Home & Garden,Furniture
P000691,Select Snacks Blue 98,Grocery,Snacks
P000767,Express Bakery Green 75,Grocery,Bakery
P000236,Select Women's Red 39,Apparel,Women's Clothing
P001160,Ultra Maintenance Gray 72,Automotive,Maintenance
P000652,Smart Snacks Brown 59,Grocery,Snacks
P000142,Deluxe Audio Navy 44,Electronics,Audio
P000975,Pro Board Beige 85,Toys & Games,Board Games
P000474,Signature Bedding Red 79,Home & Garden,Bedding
P000066,Active Tablets Navy 67,Electronics,Tablets
P000965,Standard Board Navy 75,Toys & Games,Board Games
P001168,Active Maintenance Silver 80,Automotive,Maintenance
P000790,Pro Skincare Silver 98,Health & Beauty,Skincare
P000057,Essential Laptops Silver 58,Electronics,Laptops
P000618,Pro Beverages Red 25,Grocery,Beverages
P000353,Active Sportswear Gray 57,Apparel,Sportswear
P000195,Express Men's White 97,Apparel,Men's Clothing
P001056,Signature Stationery Black 67,Office Supplies,Stationery
P000622,Ultra Beverages Red 29,Grocery,Beverages
P000742,Advanced Bakery Silver 50,Grocery,Bakery
P000054,Pro Laptops White 55,Electronics,Laptops
P000148,Standard Audio Red 50,Electronics,Audio
P000864,Elite Hair Green 73,Health & Beauty,Hair Care
P000554,Signature Outdoor Black 60,Home & Garden,Outdoor
P001090,Pro Printers Navy 2,Office Supplies,Printers & Ink
P000982,Classic Board Brown 92,Toys & Games,Board Games
P001156,Premium Maintenance Gray 68,Automotive,Maintenance
P000097,Deluxe Accessories Navy 98,Electronics,Accessories
P001147,Advanced Maintenance Navy 59,Automotive,Maintenance
P000450,Advanced Kitchen Gray 55,Home & Garden,Kitchen
P001093,Standard Printers Black 5,Office Supplies,Printers & Ink
P000459,Ultra Kitchen Navy 64,Home & Garden,Kitchen
P000480,Active Bedding Green 85,Home & Garden,Bedding
P000468,Pro Bedding Red 73,Home & Garden,Bedding
P000387,Active Furniture Black 91,Home & Garden,Furniture
P001087,Smart Printers Green 98,Office Supplies,Printers & Ink
P000067,Advanced Tablets Green 68,Electronics,Tablets
P000629,Advanced Beverages White 36,Grocery,Beverages
P000787,Pro Bakery Green 95,Grocery,Bakery
P000316,Classic Footwear Red 20,Apparel,Footwear
P001064,Smart Stationery Green 75,Office Supplies,Stationery
P000462,Express Bedding Navy 67,Home & Garden,Bedding
P000173,Classic Men's Beige 75,Apparel,Men's Clothing
P000288,Standard Footwear Green 91,Apparel,Footwear
P000902,Classic Fitness Blue 12,Sports,Fitness Equipment
P000290,Active Footwear Beige 93,Apparel,Footwear
P000775,Pro Bakery Navy 83,Grocery,Bakery
P000789,Standard Skincare Silver 97,Health & Beauty,Skincare
P000467,Ultra Bedding Blue 72,Home & Garden,Bedding
P000151,Smart Audio Red 53,Electronics,Audio
P001083,Express Printers Black 94,Office Supplies,Printers & Ink
P000999,Essential Action Beige 10,Toys & Games,Action Figures
P000575,Essential Outdoor Brown 81,Home & Garden,Outdoor
P001054,Select Stationery Black 65,Office Supplies,Stationery
P001139,Select Maintenance Brown 51,Automotive,Maintenance
P001071,Smart Stationery Blue 82,Office Supplies,Stationery
P000171,Elite Men's Silver 73,Apparel,Men's Clothing
P000476,Standard Bedding Silver 81,Home & Garden,Bedding
P000023,Express Smartphones White 24,Electronics,Smartphones
P000955,Signature Outdoor Navy 65,Sports,Outdoor Recreation
P000939,Elite Outdoor Silver 49,Sports,Outdoor Recreation
P000091,Select Accessories Gray 92,Electronics,Accessories
P000850,Deluxe Hair Black 59,Health & Beauty,Hair Care
P001155,Deluxe Maintenance Gray 67,Automotive,Maintenance
P000840,Premium Hair Black 49,Health & Beauty,Hair Care
P000056,Advanced Laptops Blue 57,Electronics,Laptops
P000168,Standard Men's Beige 70,Apparel,Men's Clothing
P000646,Classic Snacks Silver 53,Grocery,Snacks
P000250,Signature Women's Silver 53,Apparel,Women's Clothing
P000357,Premium Sportswear Gray 61,Apparel,Sportswear
P001121,Deluxe Car Brown 33,Automotive,Car Accessories
P000031,Select Smartphones Beige 32,Electronics,Smartphones
P000908,Smart Fitness Red 18,Sports,Fitness Equipment
P000347,Express Sportswear White 51,Apparel,Sportswear
P001043,Ultra Stationery Red 54,Office Supplies,Stationery
P001112,Smart Car Green 24,Automotive,Car Accessories
P000121,Pro Accessories Black 23,Electronics,Accessories
P000819,Signature Skincare Black 28,Health & Beauty,Skincare
P000447,Signature Kitchen Beige 52,Home & Garden,Kitchen
P000176,Pro Men's Blue 78,Apparel,Men's Clothing
P000433,Classic Kitchen Brown 38,Home & Garden,Kitchen
P000065,Ultra Tablets Beige 66,Electronics,Tablets
P000780,Express Bakery Beige 88,Grocery,Bakery
P000233,Standard Women's Blue 36,Apparel,Women's Clothing
P000765,Pro Bakery Silver 73,Grocery,Bakery
P000690,Premium Snacks Brown 97,Grocery,Snacks
P000991,Standard Action White 2,Toys & Games,Action Figures
P000696,Classic Dairy Beige 4,Grocery,Dairy
P000513,Select Tools Green 19,Home & Garden,Tools
P000362,Select Sportswear Gray 66,Apparel,Sportswear
P000287,Classic Footwear Navy 90,Apparel,Footwear
P000477,Advanced Bedding Brown 82,Home & Garden,Bedding
P000228,Ultra Women's Green 31,Apparel,Women's Clothing
P000514,Smart Tools Blue 20,Home & Garden,Tools
P000344,Premium Sportswear Silver 48,Apparel,Sportswear
P000095,Express Accessories Gray 96,Electronics,Accessories
P001136,Pro Car Navy 48,Automotive,Car Accessories
P001029,Deluxe Stationery White 40,Office Supplies,Stationery
P000325,Standard Footwear Beige 29,Apparel,Footwear
P000921,Premium Fitness Navy 31,Sports,Fitness Equipment
P000103,Classic Accessories Brown 5,Electronics,Accessories
P000457,Express Kitchen White 62,Home & Garden,Kitchen
P000983,Essential Board Black 93,Toys & Games,Board Games
P000369,Classic Sportswear White 73,Apparel,Sportswear
P001051,Elite Stationery Brown 62,Office Supplies,Stationery
P000440,Express Kitchen Silver 45,Home & Garden,Kitchen
P000812,Advanced Skincare White 21,Health & Beauty,Skincare
P000044,Express Laptops Beige 45,Electronics,Laptops
P000728,Ultra Dairy Blue 36,Grocery,Dairy
P000175,Ultra Men's Brown 77,Apparel,Men's Clothing
P000280,Deluxe Footwear Black 83,Apparel,Footwear
P001102,Pro Printers Black 14,Office Supplies,Printers & Ink
P000550,Essential Outdoor Silver 56,Home & Garden,Outdoor
P001107,Signature Car Blue 19,Automotive,Car Accessories
P000365,Select Sportswear Blue 69,Apparel,Sportswear
P000456,Advanced Kitchen Silver 61,Home & Garden,Kitchen
P000324,Signature Footwear Beige 28,Apparel,Footwear
P000856,Active Hair Silver 65,Health & Beauty,Hair Care
P000781,Smart Bakery Brown 89,Grocery,Bakery
P000827,Pro Hair Silver 36,Health & Beauty,Hair Care
P000328,Pro Sportswear Green 32,Apparel,Unknown
P000833,Select Hair Navy 42,Health & Beauty,Hair Care
P001091,Essential Printers Beige 3,Office Supplies,Printers & Ink
P000113,Signature Accessories Red 15,Electronics,Accessories
P000397,Active Furniture Beige 2,Home & Garden,Furniture
P000170,Smart Men's Silver 72,Apparel,Men's Clothing
P000832,Select Hair Beige 41,Health & Beauty,Hair Care
P000854,Deluxe Hair Gray 63,Health & Beauty,Hair Care
P001101,Pro Printers Gray 13,Office Supplies,Printers & Ink
P000360,Express Sportswear Red 64,Apparel,Sportswear
P000179,Active Men's Gray 81,Apparel,Men's Clothing
P000836,Smart Hair Brown 45,Health & Beauty,Hair Care
P000412,Classic Furniture Brown 17,Home & Garden,Furniture
P000106,Deluxe Accessories Gray 8,Electronics,Accessories
P000877,Elite Vitamins Silver 86,Health & Beauty,Vitamins
P000555,Express Outdoor Navy 61,Home & Garden,Outdoor
P000703,Elite Dairy Brown 11,Grocery,Dairy
P000783,Active Bakery Green 91,Grocery,Bakery
P001032,Express Stationery Silver 43,Office Supplies,Stationery
P000349,Active Sportswear Beige 53,Apparel,Sportswear
P000887,Express Vitamins White 96,Health & Beauty,Vitamins
P001019,Deluxe Action Brown 30,Toys & Games,Action Figures
P000773,Smart Bakery Beige 81,Grocery,Bakery
P000125,Standard Audio White 27,Electronics,Audio
P000510,Active Tools Red 16,Home & Garden,Tools
P000265,Premium Women's White 68,Apparel,Women's Clothing
P000659,Smart Snacks Blue 66,Grocery,Snacks
P000120,Deluxe Accessories Beige 22,Electronics,Accessories
P000351,Pro Sportswear Green 55,Apparel,Sportswear
P000115,Premium Accessories Gray 17,Electronics,Accessories
P001192,Ultra Designer Red 5,Premium,Designer Bags
P001195,Signature Designer Green 8,Premium,Designer Bags
P000785,Advanced Bakery Brown 93,Grocery,Bakery
P000685,Essential Snacks Beige 92,Grocery,Snacks
P000619,Ultra Beverages White 26,Grocery,Beverages
P000657,Active Snacks White 64,Grocery,Snacks
P000615,Smart Beverages Blue 22,Grocery,Beverages
P000557,Deluxe Outdoor Red 63,Home & Garden,Outdoor
P000733,Active Dairy Beige 41,Grocery,Dairy
P000720,Deluxe Dairy Red 28,Grocery,Dairy
P000015,Pro Smartphones White 16,Electronics,Smartphones
P000089,Smart Accessories Black 90,Electronics,Accessories
P000771,Active Bakery Beige 79,Grocery,Bakery
P000884,Advanced Vitamins Navy 93,Health & Beauty,Vitamins
P000994,Advanced Action Brown 5,Toys & Games,Action Figures
P000628,Premium Beverages Green 35,Grocery,Beverages
P000863,Express Hair White 72,Health & Beauty,Hair Care
P000394,Standard Furniture White 98,Home & Garden,Furniture
P000448,Express Kitchen Beige 53,Home & Garden,Unknown
P000925,Smart Fitness White 35,Sports,Fitness Equipment
P000699,Standard Dairy Blue 7,Grocery,Dairy
P000953,Standard Outdoor Green 63,Sports,Outdoor Recreation
P000118,Deluxe Accessories Beige 20,Electronics,Accessories
P001180,Classic Luxury Brown 92,Premium,Luxury Watches
P001127,Classic Car Beige 39,Automotive,Car Accessories
P000201,Deluxe Men's Silver 4,Apparel,Men's Clothing
P000159,Select Men's Brown 61,Apparel,Men's Clothing
P000198,Select Men's White 1,Apparel,Men's Clothing
P000380,Advanced Furniture Blue 84,Home & Garden,Furniture
P000916,Advanced Fitness Black 26,Sports,Fitness Equipment
P000862,Pro Hair Blue 71,Health & Beauty,Hair Care
P000620,Essential Beverages White 27,Grocery,Beverages
P000687,Signature Snacks White 94,Grocery,Snacks
P001119,Active Car Navy 31,Automotive,Car Accessories
P000683,Pro Snacks Black 90,Grocery,Snacks
P001058,Active Stationery Red 69,Office Supplies,Stationery
P000923,Express Fitness Silver 33,Sports,Fitness Equipment
P000084,Select Tablets Red 85,Electronics,Tablets
P000723,Essential Dairy White 31,Grocery,Dairy
P000942,Essential Outdoor Brown 52,Sports,Outdoor Recreation
P000273,Express Women's Brown 76,Apparel,Women's Clothing
P000846,Advanced Hair Navy 55,Health & Beauty,Hair Care
P000532,Select Tools Brown 38,Home & Garden,Tools
P000105,Essential Accessories Brown 7,Electronics,Accessories
P000730,Express Dairy Blue 38,Grocery,Dairy
P001036,Essential Stationery Beige 47,Office Supplies,Stationery
P000697,Active Dairy Blue 5,Grocery,Dairy
P000406,Active Furniture Green 11,Home & Garden,Furniture
P000725,Pro Dairy Red 33,Grocery,Dairy
P001094,Classic Printers Beige 6,Office Supplies,Printers & Ink
P000573,Classic Outdoor Brown 79,Home & Garden,Outdoor
P001116,Premium Car Beige 28,Automotive,Car Accessories
P000108,Smart Accessories Red 10,Electronics,Accessories
P000794,Essential Skincare Gray 3,Health & Beauty,Skincare
P000167,Essential Men's Gray 69,Apparel,Men's Clothing
P000256,Select Women's Brown 59,Apparel,Women's Clothing
P000183,Active Men's Navy 85,Apparel,Men's Clothing
P000339,Pro Sportswear White 43,Apparel,Sportswear
P001044,Active Stationery White 55,Office Supplies,Stationery
P000180,Smart Men's Brown 82,Apparel,Men's Clothing
P001024,Elite Action Blue 35,Toys & Games,Action Figures
P000252,Pro Women's Red 55,Apparel,Women's Clothing
P000766,Express Bakery Green 74,Grocery,Bakery
P000262,Elite Women's Navy 65,Apparel,Women's Clothing
P001060,Elite Stationery Beige 71,Office Supplies,Unknown
P000444,Deluxe Kitchen Red 49,Home & Garden,Kitchen
P000204,Signature Men's Red 7,Apparel,Men's Clothing
P000599,Elite Beverages Beige 6,Grocery,Beverages
P000782,Active Bakery Brown 90,Grocery,Bakery
P000936,Ultra Outdoor Blue 46,Sports,Outdoor Recreation
P000181,Active Men's Silver 83,Apparel,Men's Clothing
P000774,Select Bakery Blue 82,Grocery,Bakery
P000815,Advanced Skincare Gray 24,Health & Beauty,Skincare
P000239,Signature Women's White 42,Apparel,Women's Clothing
P000634,Express Beverages Blue 41,Grocery,Beverages
P000318,Pro Footwear Blue 22,Apparel,Footwear
P000843,Elite Hair Red 52,Health & Beauty,Hair Care
P000343,Advanced Sportswear Red 47,Apparel,Sportswear
P000248,Pro Women's Brown 51,Apparel,Women's Clothing
P000757,Elite Bakery Black 65,Grocery,Bakery
P000586,Essential Beverages Red 92,Grocery,Beverages
P001148,Pro Maintenance Blue 60,Automotive,Maintenance
P001193,Express Designer Brown 6,Premium,Designer Bags
P000521,Deluxe Tools Navy 27,Home & Garden,Tools
P001162,Advanced Maintenance Red 74,Automotive,Maintenance
P000605,Premium Beverages Green 12,Grocery,Beverages
P000948,Smart Outdoor Beige 58,Sports,Outdoor Recreation
P001138,Premium Maintenance Green 50,Automotive,Maintenance
P000403,Active Furniture Green 8,Home & Garden,Furniture
P001065,Classic Stationery White 76,Office Supplies,Stationery
P000706,Pro Dairy White 14,Grocery,Dairy
P000191,Advanced Men's Green 93,Apparel,Men's Clothing
P000560,Standard Outdoor Red 66,Home & Garden,Outdoor
P000516,Essential Tools Green 22,Home & Garden,Tools
P000927,Signature Fitness Blue 37,Sports,Fitness Equipment
P001009,Signature Action Gray 20,Toys & Games,Action Figures
P000390,Elite Furniture Black 94,Home & Garden,Furniture
P000625,Classic Beverages Black 32,Grocery,Beverages
P000974,Pro Board Red 84,Toys & Games,Board Games
P000996,Deluxe Action Navy 7,Toys & Games,Action Figures
P000584,Pro Beverages Black 90,Grocery,Beverages
P000348,Smart Sportswear Blue 52,Apparel,Unknown
P000973,Smart Board Red 83,Toys & Games,Board Games
P001022,Active Action Green 33,Toys & Games,Action Figures
P000918,Signature Fitness Brown 28,Sports,Fitness Equipment
P000093,Active Accessories Silver 94,Electronics,Accessories
P001179,Elite Luxury White 91,Premium,Luxury Watches
P000669,Express Snacks Gray 76,Grocery,Snacks
P001183,Essential Luxury Silver 95,Premium,Luxury Watches
P000082,Pro Tablets Gray 83,Electronics,Tablets
P000395,Essential Furniture Green 99,Home & Garden,Furniture
P001115,Active Car Beige 27,Automotive,Car Accessories
P000076,Active Tablets White 77,Electronics,Tablets
P000727,Elite Dairy Green 35,Grocery,Dairy
P000295,Premium Footwear Green 98,Apparel,Footwear
P000206,Elite Men's Black 9,Apparel,Men's Clothing
P000801,Deluxe Skincare Green 10,Health & Beauty,Skincare
P000184,Pro Men's Silver 86,Apparel,Men's Clothing
P001079,Deluxe Printers Silver 90,Office Supplies,Printers & Ink
P000428,Express Kitchen Gray 33,Home & Garden,Kitchen
P000129,Select Audio Black 31,Electronics,Audio
P000701,Standard Dairy Green 9,Grocery,Dairy
P001133,Classic Car Red 45,Automotive,Car Accessories
P000075,Express Tablets Blue 76,Electronics,Tablets
P000714,Essential Dairy Silver 22,Grocery,Dairy
P000989,Pro Board Red 99,Toys & Games,Board Games
P000245,Premium Women's Brown 48,Apparel,Women's Clothing
P000073,Smart Tablets Navy 74,Electronics,Tablets
P000052,Select Laptops Green 53,Electronics,Laptops
P000988,Standard Board Silver 98,Toys & Games,Board Games
P000315,Premium Footwear Silver 19,Apparel,Footwear
P000177,Select Men's White 79,Apparel,Men's Clothing
P000743,Express Bakery Beige 51,Grocery,Bakery
P000898,Classic Fitness Red 8,Sports,Fitness Equipment
P000901,Premium Fitness Blue 11,Sports,Fitness Equipment
P000726,Classic Dairy Brown 34,Grocery,Dairy
P001045,Pro Stationery Silver 56,Office Supplies,Stationery
P000568,Essential Outdoor Brown 74,Home & Garden,Outdoor
P000011,Express Smartphones Beige 12,Electronics,Smartphones
P000610,Premium Beverages Brown 17,Grocery,Beverages
P001005,Active Action White 16,Toys & Games,Action Figures
P000355,Select Sportswear Green 59,Apparel,Sportswear
P000539,Ultra Outdoor White 45,Home & Garden,Outdoor
P000630,Select Beverages Black 37,Grocery,Beverages
P000157,Pro Men's White 59,Apparel,Men's Clothing
P000416,Active Kitchen White 21,Home & Garden,Kitchen
P000956,Smart Outdoor Navy 66,Sports,Outdoor Recreation
P000068,Ultra Tablets White 69,Electronics,Tablets
P000226,Ultra Women's Black 29,Apparel,Women's Clothing
P000220,Pro Women's White 23,Apparel,Women's Clothing
P000861,Smart Hair Black 70,Health & Beauty,Hair Care
P000010,Active Smartphones Brown 11,Electronics,Smartphones
P000736,Essential Dairy Navy 44,Grocery,Dairy
P000104,Essential Accessories Gray 6,Electronics,Accessories
P000523,Ultra Tools Blue 29,Home & Garden,Tools
P000531,Express Tools Silver 37,Home & Garden,Tools
P000038,Ultra Laptops Beige 39,Electronics,Laptops
P001142,Smart Maintenance Red 54,Automotive,Maintenance
P000409,Classic Furniture Brown 14,Home & Garden,Furniture
P001017,Deluxe Action White 28,Toys & Games,Action Figures
P000237,Standard Women's Blue 40,Apparel,Women's Clothing
P000345,Advanced Sportswear Black 49,Apparel,Sportswear
P000522,Signature Tools Beige 28,Home & Garden,Tools
P000713,Signature Dairy Beige 21,Grocery,Dairy
P000614,Deluxe Beverages White 21,Grocery,Beverages
P000026,Active Smartphones Brown 27,Electronics,Smartphones
P000772,Classic Bakery Green 80,Grocery,Bakery
P001187,Express Designer Red 99,Premium,Designer Bags
P000763,Pro Bakery Green 71,Grocery,Bakery
P000370,Elite Sportswear Beige 74,Apparel,Sportswear
P000558,Active Outdoor Red 64,Home & Garden,Outdoor
P000417,Smart Kitchen Green 22,Home & Garden,Kitchen
P000758,Elite Bakery White 66,Grocery,Bakery
P000158,Active Men's Red 60,Apparel,Men's Clothing
P000427,Deluxe Kitchen Navy 32,Home & Garden,Kitchen
P000511,Active Tools Navy 17,Home & Garden,Tools
P000627,Express Beverages Green 34,Grocery,Beverages
P000546,Express Outdoor Beige 52,Home & Garden,Outdoor
P000803,Active Skincare Black 12,Health & Beauty,Skincare
P001080,Active Printers Brown 91,Office Supplies,Printers & Ink
P000331,Advanced Sportswear Blue 35,Apparel,Sportswear
P000874,Express Vitamins Brown 83,Health & Beauty,Vitamins
P000470,Classic Bedding Red 75,Home & Garden,Bedding
P000786,Express Bakery Black 94,Grocery,Bakery
P001002,Express Action White 13,Toys & Games,Action Figures
P000251,Pro Women's Red 54,Apparel,Women's Clothing
P000821,Select Skincare Beige 30,Health & Beauty,Skincare
P000028,Advanced Smartphones Red 29,Electronics,Smartphones
P000381,Classic Furniture Red 85,Home & Garden,Furniture
P000755,Signature Bakery Red 63,Grocery,Bakery
P000823,Select Skincare White 32,Health & Beauty,Skincare
P000724,Premium Dairy Brown 32,Grocery,Dairy
P000744,Signature Bakery Gray 52,Grocery,Unknown
P001128,Active Car Black 40,Automotive,Car Accessories
P001100,Standard Printers Navy 12,Office Supplies,Printers & Ink
P000631,Smart Beverages Silver 38,Grocery,Beverages
P000109,Active Accessories Silver 11,Electronics,Accessories
P000434,Express Kitchen Silver 39,Home & Garden,Kitchen
P000899,Advanced Fitness Silver 9,Sports,Fitness Equipment
P000263,Premium Women's Brown 66,Apparel,Women's Clothing
P000215,Premium Men's Blue 18,Apparel,Men's Clothing
P000738,Active Dairy Black 46,Grocery,Dairy
P000732,Active Dairy Silver 40,Grocery,Dairy
P000660,Select Snacks Blue 67,Grocery,Snacks
P001013,Active Action Navy 24,Toys & Games,Action Figures
P000563,Premium Outdoor Black 69,Home & Garden,Outdoor
P000978,Essential Board White 88,Toys & Games,Board Games
P001134,Essential Car Beige 46,Automotive,Car Accessories
P000704,Standard Dairy Red 12,Grocery,Dairy
P000367,Express Sportswear Beige 71,Apparel,Sportswear
P000616,Advanced Beverages Navy 23,Grocery,Beverages
P000592,Advanced Beverages Blue 98,Grocery,Beverages
P000778,Active Bakery Silver 86,Grocery,Bakery
P001048,Premium Stationery Navy 59,Office Supplies,Stationery
P000081,Smart Tablets Gray 82,Electronics,Tablets
P000712,Standard Dairy Navy 20,Grocery,Unknown
P000445,Advanced Kitchen Green 50,Home & Garden,Kitchen
P000694,Elite Dairy Gray 2,Grocery,Dairy
P000363,Classic Sportswear Silver 67,Apparel,Sportswear
P000719,Smart Dairy Red 27,Grocery,Dairy
P000905,Essential Fitness Blue 15,Sports,Fitness Equipment
P000665,Elite Snacks Navy 72,Grocery,Snacks
P000869,Deluxe Vitamins Beige 78,Health & Beauty,Vitamins
P000219,Essential Women's White 22,Apparel,Women's Clothing
P000127,Signature Audio Navy 29,Electronics,Audio
P001004,Signature Action Blue 15,Toys & Games,Action Figures
P000482,Advanced Bedding Red 87,Home & Garden,Bedding
P000499,Ultra Tools White 5,Home & Garden,Tools
P000182,Deluxe Men's Blue 84,Apparel,Men's Clothing
P001037,Essential Stationery Green 48,Office Supplies,Stationery
P000841,Select Hair Gray 50,Health & Beauty,Hair Care
P000398,Classic Furniture Beige 3,Home & Garden,Furniture
P000372,Signature Sportswear Brown 76,Apparel,Sportswear
P001151,Standard Maintenance Silver 63,Automotive,Maintenance
P001025,Pro Action Navy 36,Toys & Games,Action Figures
P001092,Elite Printers Red 4,Office Supplies,Unknown
P000466,Select Bedding Blue 71,Home & Garden,Bedding
P000063,Premium Tablets Black 64,Electronics,Tablets
P000804,Smart Skincare Black 13,Health & Beauty,Skincare
P001118,Active Car Green 30,Automotive,Car Accessories
P000051,Premium Laptops Navy 52,Electronics,Laptops
P000759,Ultra Bakery Brown 67,Grocery,Bakery
P000299,Select Footwear Black 3,Apparel,Footwear
P000810,Express Skincare Beige 19,Health & Beauty,Skincare
P000709,Deluxe Dairy Beige 17,Grocery,Dairy
P000979,Express Board Navy 89,Toys & Games,Board Games
P000302,Advanced Footwear White 6,Apparel,Footwear
P000917,Smart Fitness Gray 27,Sports,Fitness Equipment
P000651,Standard Snacks Navy 58,Grocery,Snacks
P000572,Elite Outdoor Green 78,Home & Garden,Outdoor
P000852,Advanced Hair Beige 61,Health & Beauty,Hair Care
P000593,Elite Beverages Blue 99,Grocery,Beverages
P000371,Signature Sportswear Black 75,Apparel,Sportswear
P000571,Premium Outdoor Green 77,Home & Garden,Outdoor
P000579,Express Beverages Blue 85,Grocery,Beverages
P000225,Elite Women's Silver 28,Apparel,Women's Clothing
P000828,Premium Hair Red 37,Health & Beauty,Hair Care
P000639,Deluxe Snacks Red 46,Grocery,Snacks
P000542,Classic Outdoor Beige 48,Home & Garden,Outdoor
P001158,Essential Maintenance Silver 70,Automotive,Maintenance
P000581,Pro Beverages Silver 87,Grocery,Beverages
P000900,Premium Fitness Black 10,Sports,Fitness Equipment
P000415,Smart Kitchen White 20,Home & Garden,Kitchen
P000880,Standard Vitamins Green 89,Health & Beauty,Vitamins
P000984,Ultra Board White 94,Toys & Games,Board Games
P000007,Active Smartphones Blue 8,Electronics,Smartphones
P000326,Deluxe Footwear Green 30,Apparel,Footwear
P000160,Standard Men's Black 62,Apparel,Men's Clothing
P000291,Select Footwear Beige 94,Apparel,Footwear
P001062,Elite Stationery Silver 73,Office Supplies,Stationery
P001120,Signature Car Beige 32,Automotive,Car Accessories
P000214,Elite Men's Gray 17,Apparel,Men's Clothing
P000484,Active Bedding Silver 89,Home & Garden,Bedding
P000487,Pro Bedding Red 92,Home & Garden,Bedding
P000312,Select Footwear Beige 16,Apparel,Footwear
P000062,Deluxe Laptops Beige 63,Electronics,Laptops
P000677,Active Snacks Silver 84,Grocery,Snacks
P000361,Select Sportswear Silver 65,Apparel,Sportswear
P000217,Standard Men's Navy 20,Apparel,Men's Clothing
P000426,Ultra Kitchen Blue 31,Home & Garden,Kitchen
P000018,Select Smartphones Brown 19,Electronics,Smartphones
P001086,Express Printers Beige 97,Office Supplies,Printers & Ink
P001109,Classic Car Green 21,Automotive,Car Accessories
P000881,Deluxe Vitamins Beige 90,Health & Beauty,Vitamins
P000164,Pro Men's Beige 66,Apparel,Men's Clothing
P000178,Select Men's Silver 80,Apparel,Men's Clothing
P000123,Advanced Accessories Blue 25,Electronics,Accessories
P000049,Express Laptops Beige 50,Electronics,Laptops
P001028,Essential Action White 39,Toys & Games,Action Figures
P000875,Essential Vitamins Beige 84,Health & Beauty,Vitamins
P000756,Select Bakery White 64,Grocery,Bakery
P000271,Classic Women's Green 74,Apparel,Women's Clothing
P000873,Deluxe Vitamins Red 82,Health & Beauty,Vitamins
P000741,Essential Bakery Red 49,Grocery,Bakery
P000364,Elite Sportswear White 68,Apparel,Sportswear
P000072,Advanced Tablets Black 73,Electronics,Tablets
P000520,Premium Tools Red 26,Home & Garden,Tools
P001033,Select Stationery Blue 44,Office Supplies,Stationery
P001131,Select Car Beige 43,Automotive,Car Accessories
P001163,Deluxe Maintenance Beige 75,Automotive,Maintenance
P000830,Premium Hair Silver 39,Health & Beauty,Hair Care
P000424,Essential Kitchen Brown 29,Home & Garden,Kitchen
P001061,Pro Stationery Brown 72,Office Supplies,Stationery
P000747,Select Bakery Navy 55,Grocery,Bakery
P000698,Express Dairy Black 6,Grocery,Dairy
P000502,Essential Tools White 8,Home & Garden,Tools
P001159,Classic Maintenance Gray 71,Automotive,Maintenance
P000702,Select Dairy Green 10,Grocery,Dairy
P000279,Express Women's White 82,Apparel,Women's Clothing
P000565,Active Outdoor White 71,Home & Garden,Outdoor
P000451,Advanced Kitchen Gray 56,Home & Garden,Kitchen
P000152,Deluxe Audio Navy 54,Electronics,Audio
P000098,Signature Accessories White 99,Electronics,Accessories
P000130,Signature Audio White 32,Electronics,Audio
P000831,Standard Hair Navy 40,Health & Beauty,Hair Care
P000064,Deluxe Tablets Brown 65,Electronics,Tablets
P000658,Express Snacks Black 65,Grocery,Snacks
P000986,Pro Board Gray 96,Toys & Games,Board Games
P000551,Signature Outdoor Gray 57,Home & Garden,Outdoor
P000268,Advanced Women's Silver 71,Apparel,Women's Clothing
P000647,Select Snacks Navy 54,Grocery,Snacks
P001143,Elite Maintenance Beige 55,Automotive,Maintenance
P001040,Active Stationery Navy 51,Office Supplies,Stationery
P000524,Active Tools Beige 30,Home & Garden,Tools
P000609,Active Beverages White 16,Grocery,Beverages
P000116,Select Accessories Green 18,Electronics,Accessories
P000818,Express Skincare Gray 27,Health & Beauty,Skincare
P000304,Deluxe Footwear Navy 8,Apparel,Footwear
P000004,Active Smartphones Navy 5,Electronics,Smartphones
P000675,Classic Snacks Green 82,Grocery,Snacks
P000012,Signature Smartphones Blue 13,Electronics,Smartphones
P000753,Deluxe Bakery Green 61,Grocery,Bakery
P000529,Deluxe Tools Beige 35,Home & Garden,Tools
P000122,Elite Accessories Silver 24,Electronics,Accessories
P000752,Signature Bakery Beige 60,Grocery,Bakery
P000493,Ultra Bedding Blue 98,Home & Garden,Bedding
P000488,Advanced Bedding Navy 93,Home & Garden,Bedding
P001108,Deluxe Car Red 20,Automotive,Car Accessories
P000604,Pro Beverages Gray 11,Grocery,Beverages
P000692,Select Snacks White 99,Grocery,Snacks
P000506,Premium Tools Beige 12,Home & Garden,Tools
P000525,Smart Tools Navy 31,Home & Garden,Tools
P000373,Smart Sportswear White 77,Apparel,Sportswear
P000740,Express Dairy Red 48,Grocery,Dairy
P000207,Ultra Men's White 10,Apparel,Men's Clothing
P000839,Ultra Hair Red 48,Health & Beauty,Hair Care
P000242,Active Women's Blue 45,Apparel,Women's Clothing
P000576,Premium Outdoor Navy 82,Home & Garden,Outdoor
P000621,Elite Beverages Black 28,Grocery,Beverages
P001026,Express Action Beige 37,Toys & Games,Action Figures
P000492,Advanced Bedding Black 97,Home & Garden,Bedding
P000547,Standard Outdoor Beige 53,Home & Garden,Outdoor
P000992,Express Action Red 3,Toys & Games,Action Figures
P000141,Smart Audio Blue 43,Electronics,Audio
P001021,Premium Action Blue 32,Toys & Games,Action Figures
P000200,Classic Men's Red 3,Apparel,Men's Clothing
P000968,Signature Board Black 78,Toys & Games,Board Games
P000043,Express Laptops Blue 44,Electronics,Laptops
P000876,Premium Vitamins Blue 85,Health & Beauty,Vitamins
P000849,Signature Hair Beige 58,Health & Beauty,Hair Care
P000155,Classic Audio Brown 57,Electronics,Audio
P000107,Ultra Accessories White 9,Electronics,Accessories
P001194,Elite Designer Navy 7,Premium,Designer Bags
P000275,Classic Women's White 78,Apparel,Women's Clothing
P000598,Premium Beverages Red 5,Grocery,Beverages
P000221,Essential Women's Black 24,Apparel,Women's Clothing
P000914,Standard Fitness White 24,Sports,Fitness Equipment
P000641,Advanced Snacks Beige 48,Grocery,Snacks
P000933,Elite Outdoor Blue 43,Sports,Outdoor Recreation
P001069,Ultra Stationery Red 80,Office Supplies,Stationery
P000498,Active Bedding Black 4,Home & Garden,Bedding
P000976,Pro Board Brown 86,Toys & Games,Board Games
P000375,Express Furniture Blue 79,Home & Garden,Unknown
P000770,Advanced Bakery White 78,Grocery,Bakery
P000485,Select Bedding Gray 90,Home & Garden,Bedding
P000844,Pro Hair Blue 53,Health & Beauty,Hair Care
P000636,Pro Beverages Red 43,Grocery,Beverages
P001089,Signature Printers Silver 1,Office Supplies,Printers & Ink
P000408,Deluxe Furniture Brown 13,Home & Garden,Furniture
P000705,Express Dairy Red 13,Grocery,Dairy
P000270,Select Women's Green 73,Apparel,Women's Clothing
P000816,Advanced Skincare Brown 25,Health & Beauty,Skincare
P001145,Premium Maintenance Red 57,Automotive,Maintenance
P000997,Pro Action Navy 8,Toys & Games,Action Figures
P000039,Smart Laptops Brown 40,Electronics,Laptops
P000289,Deluxe Footwear Blue 92,Apparel,Footwear
P000981,Classic Board Beige 91,Toys & Games,Board Games
P000147,Select Audio White 49,Electronics,Audio
P000931,Ultra Outdoor Brown 41,Sports,Outdoor Recreation
P000676,Premium Snacks Green 83,Grocery,Snacks
P000911,Elite Fitness White 21,Sports,Fitness Equipment
P000924,Essential Fitness Navy 34,Sports,Fitness Equipment
P001184,Pro Luxury Red 96,Premium,Luxury Watches
P000538,Express Outdoor White 44,Home & Garden,Outdoor
P001003,Pro Action Black 14,Toys & Games,Action Figures
P000300,Ultra Footwear Navy 4,Apparel,Footwear
P000216,Advanced Men's Blue 19,Apparel,Men's Clothing
P000320,Elite Footwear Blue 24,Apparel,Footwear
P000946,Advanced Outdoor Silver 56,Sports,Outdoor Recreation
P001198,Signature Designer White 11,Premium,Designer Bags
P000366,Select Sportswear Silver 70,Apparel,Sportswear
P000990,Advanced Action Gray 1,Toys & Games,Action Figures
P000635,Elite Beverages Red 42,Grocery,Beverages
P001018,Select Action Brown 29,Toys & Games,Action Figures
P000530,Select Tools Silver 36,Home & Garden,Tools
P000541,Advanced Outdoor Green 47,Home & Garden,Outdoor
P000795,Deluxe Skincare Gray 4,Health & Beauty,Skincare
P001189,Smart Designer Beige 2,Premium,Designer Bags
P000500,Ultra Tools Navy 6,Home & Garden,Tools
P000285,Express Footwear White 88,Apparel,Footwear
P000626,Select Beverages Blue 33,Grocery,Unknown
P000314,Premium Footwear Red 18,Apparel,Footwear
P000435,Standard Kitchen Beige 40,Home & Garden,Kitchen
P000807,Signature Skincare Gray 16,Health & Beauty,Skincare
P000806,Select Skincare Blue 15,Health & Beauty,Skincare
P000392,Deluxe Furniture Navy 96,Home & Garden,Furniture
P000278,Elite Women's Beige 81,Apparel,Women's Clothing
P000972,Ultra Board Beige 82,Toys & Games,Board Games
P000384,Active Furniture Blue 88,Home & Garden,Furniture
P000889,Signature Vitamins Black 98,Health & Beauty,Vitamins
P001104,Elite Printers Navy 16,Office Supplies,Printers & Ink
P000058,Express Laptops Red 59,Electronics,Laptops
P000950,Elite Outdoor Silver 60,Sports,Outdoor Recreation
P000196,Smart Men's Gray 98,Apparel,Men's Clothing
P000479,Express Bedding Gray 84,Home & Garden,Bedding
P000346,Pro Sportswear Beige 50,Apparel,Sportswear
P000600,Premium Beverages Brown 7,Grocery,Beverages
P000430,Classic Kitchen Green 35,Home & Garden,Kitchen
P000323,Active Footwear White 27,Apparel,Footwear
P000306,Advanced Footwear Brown 10,Apparel,Footwear
P000156,Express Men's Navy 58,Apparel,Men's Clothing
P000377,Express Furniture Beige 81,Home & Garden,Furniture
P000855,Select Hair Silver 64,Health & Beauty,Hair Care
P000209,Signature Men's Black 12,Apparel,Men's Clothing
P000562,Premium Outdoor White 68,Home & Garden,Outdoor
P000721,Premium Dairy Brown 29,Grocery,Dairy
P000681,Active Snacks White 88,Grocery,Snacks
P000700,Select Dairy Gray 8,Grocery,Dairy
P000231,Active Women's Black 34,Apparel,Women's Clothing
P000606,Standard Beverages Black 13,Grocery,Beverages
P001181,Standard Luxury Black 93,Premium,Luxury Watches
P000805,Elite Skincare Navy 14,Health & Beauty,Skincare
P001175,Advanced Luxury Silver 87,Premium,Unknown
P000016,Advanced Smartphones White 17,Electronics,Smartphones
P000240,Smart Women's Navy 43,Apparel,Women's Clothing
P000284,Essential Footwear Silver 87,Apparel,Footwear
P001041,Active Stationery Brown 52,Office Supplies,Stationery
P000332,Smart Sportswear Beige 36,Apparel,Sportswear
P001126,Active Car Red 38,Automotive,Car Accessories
P000998,Premium Action White 9,Toys & Games,Action Figures
P000486,Active Bedding Silver 91,Home & Garden,Bedding
P000359,Advanced Sportswear White 63,Apparel,Sportswear
P000490,Premium Bedding Green 95,Home & Garden,Bedding
P000379,Classic Furniture Brown 83,Home & Garden,Furniture
P000229,Deluxe Women's Navy 32,Apparel,Women's Clothing
P000644,Ultra Snacks Black 51,Grocery,Snacks
P000580,Signature Beverages White 86,Grocery,Beverages
P000092,Ultra Accessories Black 93,Electronics,Accessories
P000005,Active Smartphones Silver 6,Electronics,Smartphones
P000087,Pro Accessories White 88,Electronics,Accessories
P000912,Select Fitness Blue 22,Sports,Fitness Equipment
P000145,Deluxe Audio White 47,Electronics,Audio
P000779,Pro Bakery Beige 87,Grocery,Bakery
P000402,Standard Furniture Blue 7,Home & Garden,Furniture
P000463,Essential Bedding Navy 68,Home & Garden,Bedding
P000858,Smart Hair Beige 67,Health & Beauty,Hair Care
P000460,Express Bedding Red 65,Home & Garden,Bedding
P001098,Advanced Printers White 10,Office Supplies,Printers & Ink
P001067,Smart Stationery Navy 78,Office Supplies,Stationery
P001153,Deluxe Maintenance White 65,Automotive,Maintenance
P000045,Smart Laptops Silver 46,Electronics,Laptops
P000247,Select Women's White 50,Apparel,Women's Clothing
P000088,Elite Accessories Gray 89,Electronics,Accessories
P000234,Classic Women's Brown 37,Apparel,Women's Clothing
P000517,Signature Tools Brown 23,Home & Garden,Tools
P000232,Classic Women's Red 35,Apparel,Unknown
P000824,Smart Skincare Brown 33,Health & Beauty,Skincare
P000707,Elite Dairy Navy 15,Grocery,Dairy
P000649,Pro Snacks Brown 56,Grocery,Snacks
P001197,Active Designer Navy 10,Premium,Designer Bags
P000788,Standard Skincare Red 96,Health & Beauty,Skincare
P000993,Essential Action Green 4,Toys & Games,Action Figures
P000505,Signature Tools Navy 11,Home & Garden,Tools
P000014,Classic Smartphones Silver 15,Electronics,Smartphones
P001011,Premium Action Brown 22,Toys & Games,Action Figures
P000378,Standard Furniture Red 82,Home & Garden,Furniture
P000663,Active Snacks Blue 70,Grocery,Snacks
P000932,Active Outdoor White 42,Sports,Outdoor Recreation
P000079,Elite Tablets Blue 80,Electronics,Tablets
P000865,Deluxe Hair White 74,Health & Beauty,Hair Care
P001016,Advanced Action Blue 27,Toys & Games,Action Figures
P000313,Active Footwear Navy 17,Apparel,Footwear
P001066,Signature Stationery Gray 77,Office Supplies,Stationery
P000274,Active Women's Silver 77,Apparel,Women's Clothing
P000033,Advanced Laptops Gray 34,Electronics,Laptops
P000569,Signature Outdoor Beige 75,Home & Garden,Outdoor
P001137,Deluxe Car Gray 49,Automotive,Car Accessories
P000800,Signature Skincare White 9,Health & Beauty,Skincare
P001006,Pro Action Gray 17,Toys & Games,Action Figures
P000934,Standard Outdoor Beige 44,Sports,Outdoor Recreation
P001081,Smart Printers White 92,Office Supplies,Printers & Ink
P000603,Ultra Beverages Green 10,Grocery,Beverages
P000494,Deluxe Bedding Red 99,Home & Garden,Bedding
P000670,Advanced Snacks Silver 77,Grocery,Snacks
P000650,Deluxe Snacks Red 57,Grocery,Snacks
P000748,Select Bakery Navy 56,Grocery,Bakery
P000883,Deluxe Vitamins Gray 92,Health & Beauty,Vitamins
P000185,Ultra Men's White 87,Apparel,Men's Clothing
P000458,Select Kitchen Green 63,Home & Garden,Kitchen
P001015,Essential Action Green 26,Toys & Games,Action Figures
P000455,Classic Kitchen Gray 60,Home & Garden,Kitchen
P000117,Deluxe Accessories Blue 19,Electronics,Accessories
P000583,Essential Beverages Gray 89,Grocery,Beverages
P000211,Select Men's Silver 14,Apparel,Men's Clothing
P000751,Premium Bakery Green 59,Grocery,Bakery
P001073,Premium Stationery Gray 84,Office Supplies,Stationery
P000817,Active Skincare Brown 26,Health & Beauty,Skincare
P001177,Select Luxury Silver 89,Premium,Luxury Watches
P000399,Premium Furniture Brown 4,Home & Garden,Furniture
P001122,Essential Car Brown 34,Automotive,Car Accessories
P000114,Select Accessories Green 16,Electronics,Accessories
P000907,Select Fitness Brown 17,Sports,Fitness Equipment
P000432,Active Kitchen Black 37,Home & Garden,Kitchen
P000642,Classic Snacks Beige 49,Grocery,Snacks
P001070,Active Stationery Red 81,Office Supplies,Stationery
P000808,Standard Skincare Green 17,Health & Beauty,Skincare
P000798,Pro Skincare Red 7,Health & Beauty,Skincare
P000678,Signature Snacks Brown 85,Grocery,Snacks
P001172,Essential Luxury Gray 84,Premium,Luxury Watches
P000153,Signature Audio Beige 55,Electronics,Audio
P001047,Pro Stationery Black 58,Office Supplies,Stationery
P000096,Signature Accessories Silver 97,Electronics,Accessories
P000294,Classic Footwear Red 97,Apparel,Footwear
P000260,Elite Women's Beige 63,Apparel,Women's Clothing
P000842,Signature Hair Red 51,Health & Beauty,Hair Care
P000235,Smart Women's Beige 38,Apparel,Women's Clothing
P000414,Classic Kitchen Black 19,Home & Garden,Kitchen
P000672,Express Snacks Red 79,Grocery,Snacks
P001123,Smart Car Gray 35,Automotive,Car Accessories
P001125,Express Car White 37,Automotive,Car Accessories
P000383,Deluxe Furniture Black 87,Home & Garden,Furniture
P000543,Active Outdoor Navy 49,Home & Garden,Outdoor
P000913,Classic Fitness Black 23,Sports,Fitness Equipment
P001191,Ultra Designer Gray 4,Premium,Designer Bags
P000342,Select Sportswear Navy 46,Apparel,Sportswear
P000739,Elite Dairy Gray 47,Grocery,Dairy
P000034,Smart Laptops Red 35,Electronics,Laptops
P001050,Active Stationery Red 61,Office Supplies,Stationery
P000070,Smart Tablets Navy 71,Electronics,Tablets
P000860,Select Hair White 69,Health & Beauty,Hair Care
P000099,Pro Accessories Silver 1,Electronics,Accessories
P000020,Pro Smartphones Gray 21,Electronics,Smartphones
P000404,Premium Furniture White 9,Home & Garden,Furniture
P000257,Active Women's Blue 60,Apparel,Women's Clothing
P000894,Deluxe Vitamins Navy 4,Health & Beauty,Vitamins
P000259,Deluxe Women's White 62,Apparel,Women's Clothing
P000083,Advanced Tablets Beige 84,Electronics,Tablets
P000396,Express Furniture Beige 1,Home & Garden,Furniture
P000143,Signature Audio Brown 45,Electronics,Audio
P000645,Advanced Snacks Gray 52,Grocery,Snacks
P000133,Express Audio Blue 35,Electronics,Audio
P000227,Express Women's Beige 30,Apparel,Women's Clothing
P000385,Advanced Furniture Navy 89,Home & Garden,Furniture
P000293,Classic Footwear Brown 96,Apparel,Footwear
P001199,Pro Designer Black 12,Premium,Designer Bags
P001185,Classic Designer Green 97,Premium,Designer Bags
P000401,Smart Furniture Navy 6,Home & Garden,Furniture
P001190,Classic Designer Beige 3,Premium,Designer Bags
P001001,Select Action Black 12,Toys & Games,Action Figures
P000307,Deluxe Footwear Black 11,Apparel,Footwear
P000784,Standard Bakery Red 92,Grocery,Bakery
P000722,Pro Dairy White 30,Grocery,Dairy
P000734,Select Dairy Black 42,Grocery,Unknown
P000760,Pro Bakery Gray 68,Grocery,Bakery
P000574,Standard Outdoor Beige 80,Home & Garden,Outdoor
P000418,Active Kitchen Black 23,Home & Garden,Kitchen
P000624,Select Beverages Blue 31,Grocery,Beverages
P000308,Active Footwear Gray 12,Apparel,Footwear
P000461,Essential Bedding Blue 66,Home & Garden,Bedding
P000540,Elite Outdoor Black 46,Home & Garden,Outdoor
P000094,Standard Accessories Beige 95,Electronics,Accessories
P000518,Ultra Tools Brown 24,Home & Garden,Tools
P001082,Standard Printers Black 93,Office Supplies,Printers & Ink
P000410,Active Furniture Beige 15,Home & Garden,Furniture
P000980,Signature Board Red 90,Toys & Games,Board Games
P000272,Classic Women's White 75,Apparel,Women's Clothing
P000951,Premium Outdoor Beige 61,Sports,Outdoor Recreation
P001178,Pro Luxury White 90,Premium,Luxury Watches
P000776,Select Bakery Black 84,Grocery,Bakery
P000264,Advanced Women's White 67,Apparel,Women's Clothing
P001008,Standard Action Gray 19,Toys & Games,Action Figures
P001097,Signature Printers Black 9,Office Supplies,Printers & Ink
P000512,Premium Tools Silver 18,Home & Garden,Tools
P000471,Premium Bedding Brown 76,Home & Garden,Bedding
P001173,Select Luxury Silver 85,Premium,Luxury Watches
P000735,Advanced Dairy Silver 43,Grocery,Dairy
P001042,Standard Stationery Navy 53,Office Supplies,Stationery
P000255,Advanced Women's Brown 58,Apparel,Women's Clothing
P000029,Ultra Smartphones Brown 30,Electronics,Smartphones
P000305,Advanced Footwear Silver 9,Apparel,Footwear
P000303,Smart Footwear Brown 7,Apparel,Footwear
P000391,Essential Furniture Red 95,Home & Garden,Furniture
P000528,Smart Tools Black 34,Home & Garden,Tools
P000483,Standard Bedding White 88,Home & Garden,Bedding
P000446,Premium Kitchen Black 51,Home & Garden,Kitchen
P001078,Elite Printers Beige 89,Office Supplies,Printers & Ink
P001063,Select Stationery Green 74,Office Supplies,Stationery
P000837,Deluxe Hair White 46,Health & Beauty,Unknown
P000594,Select Beverages Red 1,Grocery,Beverages
P000017,Pro Smartphones White 18,Electronics,Smartphones
P000895,Deluxe Vitamins Red 5,Health & Beauty,Vitamins
P000172,Standard Men's Black 74,Apparel,Men's Clothing
P000131,Smart Audio Brown 33,Electronics,Audio
P001072,Smart Stationery Green 83,Office Supplies,Stationery
P001161,Ultra Maintenance White 73,Automotive,Maintenance
P000896,Select Vitamins Gray 6,Health & Beauty,Vitamins
P000961,Signature Board Navy 71,Toys & Games,Board Games
P001084,Signature Printers Gray 95,Office Supplies,Printers & Ink
P000820,Express Skincare Silver 29,Health & Beauty,Skincare
P000019,Active Smartphones Black 20,Electronics,Smartphones
P000441,Advanced Kitchen Brown 46,Home & Garden,Kitchen
P000368,Advanced Sportswear White 72,Apparel,Sportswear
P001129,Premium Car Navy 41,Automotive,Car Accessories
P000286,Signature Footwear Blue 89,Apparel,Unknown
P000244,Deluxe Women's Green 47,Apparel,Women's Clothing
P000008,Premium Smartphones Green 9,Electronics,Smartphones
P000638,Active Beverages Silver 45,Grocery,Beverages
P000027,Ultra Smartphones Gray 28,Electronics,Smartphones
P000111,Ultra Accessories Red 13,Electronics,Accessories
P001196,Advanced Designer Brown 9,Premium,Designer Bags
P000208,Elite Men's Green 11,Apparel,Men's Clothing
P000473,Advanced Bedding Black 78,Home & Garden,Bedding
P000413,Ultra Kitchen Navy 18,Home & Garden,Kitchen
P000013,Classic Smartphones Blue 14,Electronics,Smartphones
P000329,Elite Sportswear Brown 33,Apparel,Sportswear
P000310,Standard Footwear Red 14,Apparel,Footwear
P001103,Select Printers Brown 15,Office Supplies,Printers & Ink
P001095,Smart Printers Brown 7,Office Supplies,Printers & Ink
P000126,Deluxe Audio Blue 28,Electronics,Audio
P000680,Select Snacks Green 87,Grocery,Snacks
P000662,Select Snacks Brown 69,Grocery,Snacks
P000796,Smart Skincare Green 5,Health & Beauty,Skincare
P001096,Ultra Printers Green 8,Office Supplies,Printers & Ink
P001035,Classic Stationery Silver 46,Office Supplies,Stationery
P000238,Standard Women's Navy 41,Apparel,Women's Clothing
P000904,Pro Fitness Red 14,Sports,Fitness Equipment
P000559,Active Outdoor Navy 65,Home & Garden,Outdoor
P000333,Essential Sportswear Navy 37,Apparel,Sportswear
P001046,Express Stationery Gray 57,Office Supplies,Stationery
P001171,Essential Luxury Silver 83,Premium,Luxury Watches
P000515,Express Tools Silver 21,Home & Garden,Tools
P000882,Essential Vitamins Brown 91,Health & Beauty,Vitamins
P001165,Elite Maintenance Beige 77,Automotive,Maintenance
P000080,Express Tablets Brown 81,Electronics,Tablets
P000838,Standard Hair Blue 47,Health & Beauty,Hair Care
P001010,Advanced Action Blue 21,Toys & Games,Action Figures
P000032,Select Laptops Green 33,Electronics,Laptops
P000943,Ultra Outdoor Gray 53,Sports,Outdoor Recreation
P000024,Elite Smartphones Blue 25,Electronics,Smartphones
P000878,Express Vitamins White 87,Health & Beauty,Vitamins
P000061,Ultra Laptops Navy 62,Electronics,Laptops
P000535,Pro Tools Beige 41,Home & Garden,Tools
P000962,Classic Board Silver 72,Toys & Games,Board Games
P000022,Smart Smartphones Beige 23,Electronics,Smartphones
P000688,Advanced Snacks Red 95,Grocery,Snacks
P000633,Classic Beverages Red 40,Grocery,Beverages
P000674,Advanced Snacks Green 81,Grocery,Snacks
P000664,Advanced Snacks Beige 71,Grocery,Snacks
P000025,Deluxe Smartphones Gray 26,Electronics,Smartphones
P000552,Select Outdoor Gray 58,Home & Garden,Outdoor
P001075,Smart Stationery Beige 86,Office Supplies,Stationery
P000454,Premium Kitchen Navy 59,Home & Garden,Kitchen
P000429,Smart Kitchen Silver 34,Home & Garden,Kitchen
P000526,Signature Tools Black 32,Home & Garden,Tools
P001200,Smart Designer Beige 13,Premium,Designer Bags
P000422,Classic Kitchen Brown 27,Home & Garden,Kitchen
P001164,Deluxe Maintenance Green 76,Automotive,Maintenance
P000847,Ultra Hair Silver 56,Health & Beauty,Hair Care
P000311,Express Footwear Silver 15,Apparel,Footwear
P000301,Smart Footwear Gray 5,Apparel,Footwear
P000149,Deluxe Audio Black 51,Electronics,Audio
P000667,Signature Snacks Navy 74,Grocery,Snacks
P000425,Signature Kitchen Red 30,Home & Garden,Kitchen
P000971,Essential Board Green 81,Toys & Games,Board Games
P000746,Select Bakery Navy 54,Grocery,Bakery
P000090,Express Accessories Navy 91,Electronics,Accessories
P000186,Pro Men's Green 88,Apparel,Men's Clothing
P000888,Ultra Vitamins Beige 97,Health & Beauty,Vitamins
P000224,Ultra Women's Silver 27,Apparel,Women's Clothing
P001124,Express Car Navy 36,Automotive,Car Accessories
P000578,Premium Beverages Gray 84,Grocery,Beverages
P000537,Ultra Tools Brown 43,Home & Garden,Tools
P000834,Ultra Hair Beige 43,Health & Beauty,Hair Care
P001111,Essential Car Red 23,Automotive,Car Accessories
P000682,Essential Snacks Black 89,Grocery,Snacks
P000661,Essential Snacks Silver 68,Grocery,Snacks
P000389,Premium Furniture Black 93,Home & Garden,Furniture
P000656,Elite Snacks Brown 63,Grocery,Snacks
P001149,Essential Maintenance Black 61,Automotive,Maintenance
P000322,Smart Footwear Brown 26,Apparel,Footwear
P000567,Select Outdoor Red 73,Home & Garden,Outdoor
P000317,Select Footwear Beige 21,Apparel,Footwear
P000612,Advanced Beverages Silver 19,Grocery,Beverages
P000811,Classic Skincare Black 20,Health & Beauty,Skincare
P000400,Active Furniture Blue 5,Home & Garden,Furniture
P000809,Classic Skincare Green 18,Health & Beauty,Skincare
P000957,Premium Outdoor Blue 67,Sports,Outdoor Recreation
P000030,Premium Smartphones Navy 31,Electronics,Smartphones
P000002,Select Smartphones Green 3,Electronics,Smartphones
P000792,Advanced Skincare Gray 1,Health & Beauty,Skincare
P000491,Ultra Bedding Silver 96,Home & Garden,Bedding
P000655,Advanced Snacks White 62,Grocery,Snacks
P000102,Classic Accessories White 4,Electronics,Accessories
P000892,Smart Vitamins Brown 2,Health & Beauty,Vitamins
P000197,Signature Men's Blue 99,Apparel,Men's Clothing
P000919,Signature Fitness Blue 29,Sports,Fitness Equipment
P000163,Active Men's Gray 65,Apparel,Men's Clothing
P000497,Elite Bedding Silver 3,Home & Garden,Bedding
P000047,Smart Laptops Green 48,Electronics,Laptops
P000595,Premium Beverages Navy 2,Grocery,Beverages
P000354,Select Sportswear Red 58,Apparel,Sportswear
P000666,Pro Snacks Brown 73,Grocery,Snacks
P000561,Deluxe Outdoor Red 67,Home & Garden,Outdoor
P000495,Deluxe Bedding Gray 1,Home & Garden,Bedding
P000003,Elite Smartphones Silver 4,Electronics,Smartphones
P000866,Signature Vitamins Navy 75,Health & Beauty,Vitamins
P000938,Standard Outdoor Brown 48,Sports,Outdoor Recreation
P000601,Deluxe Beverages Brown 8,Grocery,Beverages
P000987,Signature Board White 97,Toys & Games,Board Games
P001141,Ultra Maintenance Navy 53,Automotive,Maintenance
P000643,Smart Snacks Brown 50,Grocery,Snacks
P000791,Select Skincare White 99,Health & Beauty,Skincare
P000871,Signature Vitamins Gray 80,Health & Beauty,Vitamins
P000423,Select Kitchen Green 28,Home & Garden,Kitchen
P000298,Select Footwear Gray 2,Apparel,Footwear
P000139,Deluxe Audio Gray 41,Electronics,Audio
P000519,Standard Tools Red 25,Home & Garden,Tools
P000596,Pro Beverages White 3,Grocery,Beverages
P000269,Pro Women's Brown 72,Apparel,Women's Clothing
P000673,Smart Snacks Beige 80,Grocery,Snacks
P000267,Premium Women's Beige 70,Apparel,Women's Clothing
P000337,Elite Sportswear Red 41,Apparel,Sportswear
P001053,Smart Stationery Black 64,Office Supplies,Stationery
P000212,Active Men's Gray 15,Apparel,Men's Clothing
P000419,Express Kitchen White 24,Home & Garden,Kitchen
P000475,Advanced Bedding Green 80,Home & Garden,Bedding
P000021,Smart Smartphones Gray 22,Electronics,Smartphones
P000119,Advanced Accessories Green 21,Electronics,Accessories
P000281,Standard Footwear Gray 84,Apparel,Footwear
P000750,Classic Bakery White 58,Grocery,Bakery
P000590,Elite Beverages Navy 96,Grocery,Beverages
P000124,Signature Accessories Beige 26,Electronics,Accessories
P000266,Ultra Women's Silver 69,Apparel,Women's Clothing
P000489,Advanced Bedding Beige 94,Home & Garden,Bedding
P000967,Standard Board Brown 77,Toys & Games,Board Games
P000190,Select Men's White 92,Apparel,Men's Clothing
P000243,Premium Women's Blue 46,Apparel,Women's Clothing
P000205,Premium Men's Black 8,Apparel,Men's Clothing
P001135,Essential Car Blue 47,Automotive,Car Accessories
P000970,Ultra Board White 80,Toys & Games,Board Games
P000110,Advanced Accessories Gray 12,Electronics,Accessories
P000136,Premium Audio Silver 38,Electronics,Audio
P000813,Smart Skincare Blue 22,Health & Beauty,Skincare
P000941,Essential Outdoor Red 51,Sports,Outdoor Recreation
P000009,Ultra Smartphones White 10,Electronics,Smartphones
P000071,Elite Tablets Brown 72,Electronics,Tablets
P000686,Elite Snacks Green 93,Grocery,Snacks
P001114,Premium Car Red 26,Automotive,Car Accessories
P000566,Classic Outdoor Gray 72,Home & Garden,Outdoor
P000144,Classic Audio Blue 46,Electronics,Audio
P000715,Premium Dairy Gray 23,Grocery,Dairy
P001113,Essential Car Gray 25,Automotive,Car Accessories
P000777,Ultra Bakery Blue 85,Grocery,Bakery
P000036,Active Laptops Navy 37,Electronics,Laptops
P000292,Signature Footwear Green 95,Apparel,Footwear
P000443,Active Kitchen Red 48,Home & Garden,Kitchen
P000146,Premium Audio Gray 48,Electronics,Audio
P000137,Active Audio Green 39,Electronics,Audio
P000754,Deluxe Bakery Brown 62,Grocery,Bakery
P001007,Deluxe Action Black 18,Toys & Games,Action Figures
P001057,Elite Stationery Black 68,Office Supplies,Stationery
P001055,Deluxe Stationery Green 66,Office Supplies,Stationery
P000203,Advanced Men's Blue 6,Apparel,Men's Clothing
P000501,Premium Tools Silver 7,Home & Garden,Tools
P000321,Active Footwear White 25,Apparel,Footwear
P000548,Ultra Outdoor Blue 54,Home & Garden,Outdoor
P000386,Active Furniture Brown 90,Home & Garden,Furniture
P000069,Signature Tablets Red 70,Electronics,Tablets
P000577,Premium Beverages Green 83,Grocery,Beverages
P001014,Premium Action Silver 25,Toys & Games,Action Figures
P000886,Essential Vitamins Silver 95,Health & Beauty,Vitamins
P000174,Advanced Men's Red 76,Apparel,Men's Clothing
P000438,Elite Kitchen Green 43,Home & Garden,Kitchen
P000585,Pro Beverages Beige 91,Grocery,Beverages
P001077,Deluxe Printers Red 88,Office Supplies,Printers & Ink
P000717,Smart Dairy Black 25,Grocery,Dairy
P001110,Signature Car Brown 22,Automotive,Car Accessories
P000556,Signature Outdoor Green 62,Home & Garden,Outdoor
P000799,Elite Skincare Green 8,Health & Beauty,Skincare
P000654,Deluxe Snacks White 61,Grocery,Snacks
P000194,Essential Men's Green 96,Apparel,Men's Clothing
P000671,Standard Snacks Red 78,Grocery,Snacks
P000253,Standard Women's Red 56,Apparel,Women's Clothing
P000050,Select Laptops Beige 51,Electronics,Laptops
P000086,Pro Accessories Beige 87,Electronics,Accessories
P000358,Pro Sportswear Silver 62,Apparel,Sportswear
P000189,Essential Men's Navy 91,Apparel,Men's Clothing
P000853,Deluxe Hair Beige 62,Health & Beauty,Hair Care
P000710,Standard Dairy Silver 18,Grocery,Dairy
P000453,Pro Kitchen Navy 58,Home & Garden,Kitchen
P000793,Active Skincare Brown 2,Health & Beauty,Skincare
P000611,Active Beverages Beige 18,Grocery,Beverages
P000668,Elite Snacks Black 75,Grocery,Snacks
P000037,Smart Laptops Black 38,Electronics,Laptops
P000060,Deluxe Laptops Green 61,Electronics,Laptops
P000553,Premium Outdoor Black 59,Home & Garden,Outdoor
P000341,Classic Sportswear Blue 45,Apparel,Sportswear
P000597,Standard Beverages Silver 4,Grocery,Beverages
P000327,Express Sportswear Gray 31,Apparel,Sportswear
P000282,Express Footwear Silver 85,Apparel,Footwear
P000188,Premium Men's Gray 90,Apparel,Men's Clothing
P000134,Pro Audio Red 36,Electronics,Audio
P000966,Ultra Board Brown 76,Toys & Games,Board Games
P000437,Premium Kitchen Brown 42,Home & Garden,Kitchen
P000608,Smart Beverages Brown 15,Grocery,Beverages
P000338,Select Sportswear Gray 42,Apparel,Sportswear
P001170,Smart Luxury Red 82,Premium,Luxury Watches
P001167,Essential Maintenance Silver 79,Automotive,Maintenance
P000867,Advanced Vitamins Red 76,Health & Beauty,Vitamins
P000952,Essential Outdoor Navy 62,Sports,Outdoor Recreation
P000679,Smart Snacks Green 86,Grocery,Snacks
P000868,Pro Vitamins Navy 77,Health & Beauty,Vitamins
P000330,Ultra Sportswear Red 34,Apparel,Sportswear
P000420,Ultra Kitchen Black 25,Home & Garden,Kitchen
P000632,Essential Beverages Brown 39,Grocery,Beverages
P000640,Active Snacks Brown 47,Grocery,Snacks
P000928,Premium Outdoor Silver 38,Sports,Outdoor Recreation
P001174,Elite Luxury Green 86,Premium,Luxury Watches
P000582,Ultra Beverages Black 88,Grocery,Beverages
P000421,Deluxe Kitchen Beige 26,Home & Garden,Kitchen
P000436,Elite Kitchen Black 41,Home & Garden,Kitchen
P000481,Essential Bedding White 86,Home & Garden,Bedding
P000718,Select Dairy Navy 26,Grocery,Dairy
P000910,Ultra Fitness Red 20,Sports,Fitness Equipment
P000382,Classic Furniture Blue 86,Home & Garden,Furniture
P000169,Classic Men's Beige 71,Apparel,Men's Clothing
P000442,Premium Kitchen Red 47,Home & Garden,Kitchen
P000162,Pro Men's Blue 64,Apparel,Men's Clothing
P000166,Essential Men's Beige 68,Apparel,Men's Clothing
P000059,Active Laptops Beige 60,Electronics,Laptops
P000960,Express Board Beige 70,Toys & Games,Board Games
P000859,Classic Hair White 68,Health & Beauty,Hair Care
P000193,Pro Men's Silver 95,Apparel,Men's Clothing
P001176,Advanced Luxury Beige 88,Premium,Luxury Watches
P000768,Premium Bakery Navy 76,Grocery,Bakery
P001034,Select Stationery Red 45,Office Supplies,Stationery
P001074,Classic Stationery Red 85,Office Supplies,Stationery
P000439,Ultra Kitchen Gray 44,Home & Garden,Kitchen
P000276,Smart Women's Gray 79,Apparel,Women's Clothing
P000922,Ultra Fitness Gray 32,Sports,Fitness Equipment
P000954,Advanced Outdoor Navy 64,Sports,Outdoor Recreation
P001039,Express Stationery Blue 50,Office Supplies,Stationery
P000534,Elite Tools Red 40,Home & Garden,Tools
P000848,Classic Hair Blue 57,Health & Beauty,Hair Care
P000283,Select Footwear Gray 86,Apparel,Footwear
P000549,Standard Outdoor Brown 55,Home & Garden,Outdoor
P000140,Premium Audio Black 42,Electronics,Audio
P000587,Signature Beverages Beige 93,Grocery,Beverages
P000241,Signature Women's Navy 44,Apparel,Women's Clothing
P000906,Express Fitness White 16,Sports,Fitness Equipment
P001188,Ultra Designer Navy 1,Premium,Designer Bags
P000708,Smart Dairy Gray 16,Grocery,Dairy
P000693,Signature Snacks Navy 1,Grocery,Snacks
P000769,Express Bakery Gray 77,Grocery,Bakery
P000048,Elite Laptops Black 49,Electronics,Laptops
P000533,Classic Tools Navy 39,Home & Garden,Tools
P000507,Deluxe Tools Black 13,Home & Garden,Tools
P000503,Active Tools Silver 9,Home & Garden,Tools
P000958,Select Outdoor Navy 68,Sports,Outdoor Recreation
P000001,Classic Smartphones Beige 2,Electronics,Smartphones
P001068,Deluxe Stationery White 79,Office Supplies,Stationery
P000478,Ultra Bedding Blue 83,Home & Garden,Bedding
P000959,Ultra Board Blue 69,Toys & Games,Board Games
P000509,Elite Tools Navy 15,Home & Garden,Tools
P001146,Smart Maintenance Beige 58,Automotive,Maintenance
P000602,Advanced Beverages Brown 9,Grocery,Beverages
P000711,Signature Dairy Red 19,Grocery,Dairy
P000857,Classic Hair Black 66,Health & Beauty,Hair Care
P000431,Pro Kitchen Silver 36,Home & Garden,Kitchen
P001117,Select Car Blue 29,Automotive,Car Accessories
P000637,Pro Beverages White 44,Grocery,Beverages
P000218,Express Women's Blue 21,Apparel,Women's Clothing
P000762,Signature Bakery Blue 70,Grocery,Bakery
P000890,Advanced Vitamins Green 99,Health & Beauty,Vitamins
P000138,Essential Audio Silver 40,Electronics,Audio
P000187,Premium Men's Red 89,Apparel,Men's Clothing
P000074,Advanced Tablets Beige 75,Electronics,Tablets
P000893,Pro Vitamins Red 3,Health & Beauty,Vitamins
P000937,Select Outdoor Silver 47,Sports,Outdoor Recreation
P000885,Premium Vitamins Black 94,Health & Beauty,Vitamins
P000891,Advanced Vitamins Silver 1,Health & Beauty,Vitamins
P001076,Advanced Printers Red 87,Office Supplies,Printers & Ink
P000929,Smart Outdoor Gray 39,Sports,Outdoor Recreation
P000042,Signature Laptops Green 43,Electronics,Laptops
P000949,Smart Outdoor Green 59,Sports,Outdoor Recreation
P000829,Standard Hair Green 38,Health & Beauty,Hair Care
P001012,Express Action White 23,Toys & Games,Action Figures
P000078,Active Tablets Brown 79,Electronics,Tablets
P000940,Express Outdoor Silver 50,Sports,Outdoor Recreation
P000826,Ultra Skincare Red 35,Health & Beauty,Skincare
P000464,Ultra Bedding Red 69,Home & Garden,Bedding
P000926,Ultra Fitness Green 36,Sports,Fitness Equipment
P000006,Deluxe Smartphones Blue 7,Electronics,Smartphones
P000261,Advanced Women's Silver 64,Apparel,Women's Clothing
P000564,Deluxe Outdoor Navy 70,Home & Garden,Outdoor
P000930,Standard Outdoor Black 40,Sports,Outdoor Recreation
P000309,Express Footwear Beige 13,Apparel,Footwear
P001154,Essential Maintenance Silver 66,Automotive,Maintenance
P000964,Premium Board Gray 74,Toys & Games,Board Games
P000040,Premium Laptops White 41,Electronics,Laptops
P001038,Ultra Stationery Gray 49,Office Supplies,Stationery
P001152,Active Maintenance Silver 64,Automotive,Maintenance
P000230,Advanced Women's Brown 33,Apparel,Women's Clothing
P000319,Essential Footwear White 23,Apparel,Footwear
P000508,Elite Tools Gray 14,Home & Garden,Tools
P000132,Express Audio Brown 34,Electronics,Audio
P000469,Smart Bedding Silver 74,Home & Garden,Bedding
P000963,Advanced Board Gray 73,Toys & Games,Board Games
P000797,Select Skincare Black 6,Health & Beauty,Skincare
P000729,Advanced Dairy Red 37,Grocery,Dairy
P000607,Deluxe Beverages Red 14,Grocery,Beverages
P000405,Express Furniture Gray 10,Home & Garden,Furniture
P001052,Smart Stationery Brown 63,Office Supplies,Stationery
P000903,Signature Fitness Gray 13,Sports,Fitness Equipment
P000623,Essential Beverages Silver 30,Grocery,Beverages
P001132,Signature Car Silver 44,Automotive,Car Accessories
P000053,Advanced Laptops Blue 54,Electronics,Laptops
P000496,Ultra Bedding Red 2,Home & Garden,Bedding
P000591,Smart Beverages Red 97,Grocery,Beverages
P000223,Elite Women's Beige 26,Apparel,Women's Clothing
P000407,Premium Furniture White 12,Home & Garden,Furniture
P000465,Select Bedding Blue 70,Home & Garden,Bedding
P000213,Advanced Men's Beige 16,Apparel,Men's Clothing
P000648,Elite Snacks Beige 55,Grocery,Snacks
P000504,Essential Tools Black 10,Home & Garden,Tools
P000449,Smart Kitchen Red 54,Home & Garden,Kitchen
P001182,Express Luxury Green 94,Premium,Luxury Watches
P001166,Standard Maintenance Navy 78,Automotive,Maintenance
P000296,Ultra Footwear Gray 99,Apparel,Footwear
P001059,Deluxe Stationery Gray 70,Office Supplies,Stationery
P000915,Deluxe Fitness Gray 25,Sports,Fitness Equipment
P000340,Deluxe Sportswear Green 44,Apparel,Sportswear
P000545,Advanced Outdoor Silver 51,Home & Garden,Outdoor
P000154,Express Audio Red 56,Electronics,Audio
P000969,Premium Board Gray 79,Toys & Games,Board Games
P000085,Advanced Tablets Navy 86,Electronics,Tablets
P000246,Select Women's Blue 49,Apparel,Women's Clothing
P000870,Deluxe Vitamins Gray 79,Health & Beauty,Vitamins
P000388,Elite Furniture Brown 92,Home & Garden,Furniture
P000588,Deluxe Beverages White 94,Grocery,Beverages
P000613,Elite Beverages Silver 20,Grocery,Beverages
P001105,Select Printers Black 17,Office Supplies,Printers & Ink
P000835,Essential Hair Beige 44,Health & Beauty,Hair Care
P001000,Pro Action Navy 11,Toys & Games,Action Figures
P000716,Standard Dairy Black 24,Grocery,Dairy
P000822,Select Skincare Navy 31,Health & Beauty,Skincare
P000945,Advanced Outdoor Black 55,Sports,Outdoor Recreation
P000745,Signature Bakery White 53,Grocery,Bakery
P000202,Smart Men's Red 5,Apparel,Men's Clothing
P000872,Premium Vitamins Blue 81,Health & Beauty,Vitamins
P000150,Deluxe Audio Gray 52,Electronics,Audio
P000947,Active Outdoor White 57,Sports,Outdoor Recreation
P000101,Pro Accessories Black 3,Electronics,Accessories
P000802,Advanced Skincare Brown 11,Health & Beauty,Skincare
P000695,Signature Dairy Black 3,Grocery,Dairy
P000356,Elite Sportswear Green 60,Apparel,Sportswear
P000100,Advanced Accessories Gray 2,Electronics,Accessories
P000527,Advanced Tools Black 33,Home & Garden,Tools
P000536,Active Tools Green 42,Home & Garden,Tools
P000977,Elite Board Gray 87,Toys & Games,Board Games
P000589,Standard Beverages White 95,Grocery,Beverages
P001031,Standard Stationery Beige 42,Office Supplies,Stationery
P000277,Deluxe Women's Green 80,Apparel,Women's Clothing
P000944,Premium Outdoor Beige 54,Sports,Outdoor Recreation
P001157,Express Maintenance Blue 69,Automotive,Maintenance
P000995,Deluxe Action Black 6,Toys & Games,Action Figures
P000297,Signature Footwear Red 1,Apparel,Footwear
P001027,Select Action Gray 38,Toys & Games,Action Figures
P000544,Ultra Outdoor Red 50,Home & Garden,Outdoor
P000570,Advanced Outdoor Silver 76,Home & Garden,Outdoor
P000653,Classic Snacks Navy 60,Grocery,Snacks
P000258,Express Women's Beige 61,Apparel,Women's Clothing
P000334,Essential Sportswear Beige 38,Apparel,Sportswear
P000393,Active Furniture Blue 97,Home & Garden,Furniture
P000335,Smart Sportswear Black 39,Apparel,Sportswear
P000985,Pro Board Brown 95,Toys & Games,Board Games
P000161,Essential Men's Brown 63,Apparel,Men's Clothing
P000046,Active Laptops Red 47,Electronics,Laptops
P000731,Select Dairy White 39,Grocery,Dairy
P000041,Standard Laptops Black 42,Electronics,Laptops
P001020,Essential Action Black 31,Toys & Games,Action Figures
P000411,Elite Furniture Red 16,Home & Garden,Furniture
P001144,Ultra Maintenance Black 56,Automotive,Maintenance
P000851,Express Hair Gray 60,Health & Beauty,Hair Care
P001186,Elite Designer White 98,Premium,Designer Bags
P000749,Select Bakery Green 57,Grocery,Bakery
P001030,Essential Stationery Silver 41,Office Supplies,Stationery
P000825,Select Skincare Silver 34,Health & Beauty,Skincare
P000845,Essential Hair White 54,Health & Beauty,Hair Care
P001140,Pro Maintenance Red 52,Automotive,Maintenance
P000199,Elite Men's Green 2,Apparel,Men's Clothing
P000222,Premium Women's Green 25,Apparel,Women's Clothing
P000814,Elite Skincare Red 23,Health & Beauty,Skincare
P000737,Smart Dairy Brown 45,Grocery,Dairy
P000128,Ultra Audio Navy 30,Electronics,Audio
P000472,Express Bedding Brown 77,Home & Garden,Bedding
P000764,Standard Bakery Navy 72,Grocery,Unknown
P000909,Smart Fitness White 19,Sports,Fitness Equipment
P000879,Select Vitamins Silver 88,Health & Beauty,Vitamins
P000336,Essential Sportswear Black 40,Apparel,Unknown
P001106,Elite Printers Navy 18,Office Supplies,Printers & Ink
P000689,Advanced Snacks Brown 96,Grocery,Snacks
P000350,Signature Sportswear Gray 54,Apparel,Sportswear
P001150,Advanced Maintenance Beige 62,Automotive,Maintenance
P001023,Essential Action Blue 34,Toys & Games,Action Figures
P000035,Essential Laptops Red 36,Electronics,Laptops
